Date,rain_mm,Tair_C,vwc_12cm,vwc_47cm,vwc_96cm,vwc_152cm,soilMoisture_m_top1m,soilMoisture_m_top1.5m,soilMoisture_m_top2m
2017-03-16,0,13.6291875,0.066,0.064,0.064,0.064,0.065,0.097,0.129
2017-03-17,0,12.706506944444444,0.073,0.064,0.064,0.064,0.067,0.099,0.131
2017-03-18,0,12.535645833333334,0.074,0.064,0.064,0.064,0.067,0.099,0.131
2017-03-19,0,18.763076388888887,0.081,0.064,0.064,0.064,0.069,0.101,0.133
2017-03-20,0,14.593902777777778,0.084,0.064,0.064,0.064,0.07,0.102,0.134
2017-03-21,0,9.910013888888889,0.082,0.064,0.064,0.064,0.069,0.101,0.133
2017-03-22,0,8.478368055555556,0.079,0.064,0.064,0.064,0.068,0.101,0.132
2017-03-23,12.446,17.152375,0.079,0.064,0.065,0.064,0.069,0.101,0.133
2017-03-24,0.254,8.913361111111112,0.082,0.064,0.065,0.064,0.069,0.102,0.134
2017-03-25,0,8.635354166666668,0.072,0.064,0.065,0.064,0.067,0.099,0.131
2017-03-26,0.508,4.149465277777778,0.072,0.064,0.065,0.064,0.067,0.099,0.131
2017-03-27,0,9.168256944444444,0.069,0.064,0.065,0.064,0.066,0.098,0.13
2017-03-28,35.814,7.288409722222222,0.074,0.064,0.065,0.064,0.067,0.1,0.132
2017-03-29,18.034,5.301972222222222,0.231,0.064,0.066,0.064,0.115,0.147,0.179
2017-03-30,0,7.270548611111111,0.341,0.064,0.066,0.064,0.148,0.18,0.212
2017-03-31,0,4.567125,0.34,0.064,0.066,0.064,0.147,0.18,0.212
2017-04-01,12.954,4.902861111111111,0.341,0.064,0.066,0.064,0.148,0.18,0.212
2017-04-02,0,7.471541666666667,0.344,0.064,0.066,0.064,0.149,0.181,0.213
2017-04-03,0,10.545590277777778,0.341,0.064,0.065,0.064,0.147,0.18,0.212
2017-04-04,11.43,5.196659722222222,0.339,0.064,0.065,0.064,0.147,0.179,0.211
2017-04-05,0,7.199138888888889,0.345,0.064,0.065,0.064,0.149,0.181,0.213
2017-04-06,0,7.901152777777778,0.342,0.064,0.065,0.064,0.148,0.18,0.212
2017-04-07,0,13.246409722222221,0.34,0.064,0.065,0.064,0.147,0.179,0.211
2017-04-08,0,17.78388888888889,0.338,0.064,0.065,0.064,0.147,0.179,0.211
2017-04-09,0,15.321180555555555,0.334,0.064,0.065,0.064,0.146,0.178,0.21
2017-04-10,0,9.77592361111111,0.33,0.064,0.065,0.064,0.144,0.177,0.209
2017-04-11,0,10.519298611111111,0.327,0.064,0.066,0.064,0.144,0.176,0.208
2017-04-12,79.252,16.056805555555556,0.328,0.083,0.066,0.064,0.152,0.185,0.217
2017-04-13,0,14.854444444444445,0.349,0.347,0.245,0.065,0.319,0.394,0.427
2017-04-14,0,20.621319444444445,0.35,0.348,0.349,0.307,0.349,0.512,0.665
2017-04-15,0,19.18875,0.35,0.349,0.35,0.34,0.35,0.522,0.693
2017-04-16,0,12.905972222222223,0.351,0.35,0.351,0.344,0.35,0.524,0.696
2017-04-17,0,14.744930555555555,0.351,0.35,0.351,0.346,0.35,0.525,0.697
2017-04-18,0,19.67875,0.351,0.35,0.351,0.347,0.35,0.525,0.698
2017-04-19,0,20.671736111111112,0.35,0.35,0.351,0.347,0.35,0.525,0.699
2017-04-20,0,14.815208333333333,0.35,0.35,0.352,0.347,0.351,0.525,0.699
2017-04-21,5.588,8.682152777777778,0.351,0.35,0.352,0.348,0.351,0.526,0.7
2017-04-22,0,7.883020833333333,0.352,0.35,0.352,0.349,0.351,0.527,0.701
2017-04-23,0,10.387006944444444,0.352,0.35,0.353,0.349,0.352,0.527,0.701
2017-04-24,0,17.00548611111111,0.352,0.35,0.353,0.349,0.352,0.527,0.701
2017-04-25,0,11.368277777777777,0.352,0.35,0.353,0.349,0.351,0.527,0.701
2017-04-26,0,6.780875,0.352,0.35,0.353,0.349,0.351,0.527,0.701
2017-04-27,6.604,8.337736111111111,0.353,0.35,0.353,0.349,0.352,0.528,0.702
2017-04-28,4.318,7.808263888888889,0.353,0.35,0.353,0.35,0.352,0.528,0.703
2017-04-29,20.32,0.6891111111111111,0.354,0.35,0.353,0.35,0.352,0.528,0.703
2017-04-30,10.922,0.421625,0.352,0.35,0.353,0.35,0.352,0.528,0.703
2017-05-01,0,3.6065555555555555,0.351,0.351,0.353,0.351,0.352,0.528,0.703
2017-05-02,4.064,8.857590277777778,0.352,0.351,0.354,0.351,0.352,0.528,0.704
2017-05-03,0,8.902930555555555,0.353,0.351,0.354,0.351,0.352,0.529,0.704
2017-05-04,0,10.85098611111111,0.352,0.351,0.354,0.351,0.352,0.528,0.704
2017-05-05,0,14.601319444444444,0.352,0.351,0.354,0.352,0.352,0.529,0.705
2017-05-06,0,18.0368125,0.352,0.351,0.354,0.353,0.352,0.529,0.705
2017-05-07,0,21.19909722222222,0.352,0.351,0.354,0.353,0.352,0.529,0.705
2017-05-08,0,19.99298611111111,0.352,0.351,0.354,0.353,0.352,0.529,0.705
2017-05-09,0,19.060555555555556,0.352,0.351,0.354,0.352,0.352,0.529,0.705
2017-05-10,22.096,17.508541666666666,0.352,0.351,0.354,0.352,0.352,0.529,0.705
2017-05-11,3.302,12.440555555555555,0.352,0.351,0.354,0.352,0.352,0.529,0.705
2017-05-12,0,12.891597222222222,0.353,0.351,0.354,0.352,0.352,0.529,0.705
2017-05-13,0,16.893840277777777,0.353,0.351,0.354,0.352,0.352,0.529,0.705
2017-05-14,0,21.426111111111112,0.353,0.351,0.354,0.352,0.352,0.529,0.705
2017-05-15,0,24.12965277777778,0.352,0.351,0.354,0.352,0.352,0.529,0.705
2017-05-16,0.254,20.972291666666667,0.353,0.351,0.354,0.352,0.352,0.529,0.705
2017-05-17,0,17.219583333333333,0.353,0.351,0.354,0.352,0.353,0.529,0.705
2017-05-18,0,11.754722222222222,0.353,0.351,0.354,0.352,0.353,0.529,0.705
2017-05-19,2.286,10.736375,0.354,0.351,0.354,0.352,0.353,0.53,0.706
2017-05-20,0,8.241076388888889,0.355,0.352,0.354,0.352,0.353,0.53,0.706
2017-05-21,0,11.999944444444445,0.355,0.352,0.354,0.352,0.353,0.53,0.706
2017-05-22,0.762,14.536875,0.355,0.352,0.354,0.352,0.353,0.53,0.706
2017-05-23,0,11.535277777777777,0.355,0.352,0.354,0.352,0.353,0.53,0.706
2017-05-24,0,12.645763888888888,0.355,0.352,0.354,0.351,0.353,0.53,0.705
2017-05-25,0,18.500138888888888,0.354,0.351,0.354,0.351,0.353,0.529,0.705
2017-05-26,0,17.859513888888888,0.354,0.351,0.354,0.351,0.353,0.529,0.705
2017-05-27,0.254,17.286180555555557,0.353,0.351,0.354,0.351,0.353,0.529,0.705
2017-05-28,0,16.716041666666666,0.354,0.351,0.354,0.351,0.353,0.529,0.705
2017-05-29,0,16.752770833333333,0.353,0.352,0.354,0.351,0.353,0.529,0.705
2017-05-30,0,18.895902777777778,0.35,0.352,0.354,0.351,0.352,0.528,0.704
2017-05-31,0,20.482430555555556,0.346,0.35,0.351,0.35,0.349,0.524,0.7
2017-06-01,1.524,21.074791666666666,0.341,0.349,0.35,0.35,0.347,0.522,0.697
2017-06-02,0,20.879583333333333,0.333,0.347,0.348,0.349,0.343,0.518,0.692
2017-06-03,0,19.331041666666668,0.328,0.345,0.346,0.349,0.34,0.514,0.688
2017-06-04,0,20.78326388888889,0.323,0.342,0.345,0.347,0.337,0.51,0.684
2017-06-05,0,21.30784722222222,0.316,0.338,0.343,0.345,0.333,0.505,0.678
2017-06-06,1.016,20.775694444444444,0.308,0.335,0.341,0.342,0.329,0.499,0.671
2017-06-07,0,20.361805555555556,0.3,0.333,0.339,0.34,0.325,0.495,0.664
2017-06-08,10.16,20.40013888888889,0.295,0.331,0.338,0.337,0.322,0.491,0.659
2017-06-09,0,22.759305555555557,0.294,0.33,0.336,0.334,0.321,0.488,0.655
2017-06-10,0,27.576527777777777,0.289,0.328,0.334,0.332,0.318,0.484,0.65
2017-06-11,0,29.12638888888889,0.277,0.325,0.332,0.33,0.313,0.478,0.643
2017-06-12,0,26.029591836734696,0.267,0.322,0.33,0.328,0.308,0.472,0.636
2018-12-03,0,-4.467666666666666,0.351,0.351,0.352,0.345,0.351,0.526,0.698
2018-12-04,0,-2.7200694444444444,0.348,0.35,0.352,0.345,0.35,0.524,0.696
2018-12-05,0,-1.7425069444444445,0.346,0.35,0.351,0.345,0.349,0.523,0.695
2018-12-06,0,-2.739895833333333,0.344,0.349,0.35,0.345,0.348,0.521,0.694
2018-12-07,0,-3.9736736111111113,0.343,0.348,0.349,0.344,0.347,0.52,0.692
2018-12-08,0,-4.564986111111111,0.342,0.347,0.349,0.342,0.346,0.519,0.69
2018-12-09,0,-1.0269027777777777,0.342,0.347,0.348,0.339,0.346,0.518,0.687
2018-12-10,0,-1.0100555555555555,0.341,0.347,0.348,0.336,0.345,0.516,0.684
2018-12-11,0,0.8549236111111111,0.341,0.347,0.348,0.334,0.346,0.516,0.683
2018-12-12,0,1.4537361111111111,0.34,0.346,0.346,0.331,0.344,0.514,0.679
2018-12-13,0,2.1299027777777777,0.339,0.346,0.345,0.33,0.344,0.512,0.677
2018-12-14,0,-1.2266944444444445,0.339,0.346,0.344,0.328,0.343,0.511,0.675
2018-12-15,0,0.6937013888888889,0.338,0.346,0.343,0.327,0.343,0.51,0.673
2018-12-16,0,2.3555625,0.338,0.346,0.342,0.325,0.342,0.508,0.671
2018-12-17,0,3.5271458333333334,0.337,0.345,0.341,0.324,0.341,0.507,0.669
2018-12-18,0,4.057284722222223,0.336,0.345,0.34,0.323,0.341,0.507,0.668
2018-12-19,0,4.631388888888889,0.336,0.345,0.339,0.321,0.341,0.506,0.666
2018-12-20,0,2.579409722222222,0.335,0.345,0.337,0.32,0.34,0.504,0.664
2018-12-21,0,0.26834027777777775,0.334,0.345,0.337,0.319,0.34,0.503,0.663
2018-12-22,0,1.7373611111111111,0.334,0.344,0.336,0.318,0.339,0.502,0.661
2018-12-23,1.524,-2.9191875,0.333,0.344,0.334,0.317,0.338,0.501,0.659
2018-12-24,0,-1.160486111111111,0.332,0.344,0.334,0.317,0.338,0.501,0.659
2018-12-25,0,0.9929097222222222,0.332,0.343,0.333,0.315,0.337,0.499,0.656
2018-12-26,20.574,3.6946944444444445,0.336,0.346,0.337,0.315,0.341,0.503,0.661
2018-12-27,2.794,-3.0699027777777776,0.345,0.348,0.35,0.33,0.348,0.518,0.683
2018-12-28,0,-8.889430555555556,0.346,0.348,0.35,0.343,0.348,0.521,0.693
2018-12-29,0,-10.018576388888889,0.347,0.348,0.351,0.344,0.349,0.522,0.694
2018-12-30,0,-8.348180555555556,0.348,0.348,0.351,0.344,0.349,0.523,0.695
2018-12-31,0,-7.341631944444444,0.348,0.348,0.353,0.345,0.35,0.524,0.697
2019-01-01,0,-11.706180555555555,0.346,0.35,0.354,0.345,0.35,0.525,0.697
2019-01-02,0,-9.316805555555556,0.345,0.349,0.353,0.344,0.349,0.523,0.695
2019-01-03,0,-6.346951388888889,0.343,0.347,0.351,0.344,0.347,0.521,0.693
2019-01-04,0,-0.6032013888888889,0.342,0.347,0.35,0.343,0.346,0.519,0.691
2019-01-05,0,1.3963194444444444,0.342,0.346,0.349,0.342,0.346,0.518,0.689
2019-01-06,0,3.505638888888889,0.343,0.347,0.349,0.34,0.347,0.519,0.689
2019-01-07,0,4.076694444444445,0.349,0.349,0.353,0.339,0.35,0.523,0.692
2019-01-08,0,0.9534861111111111,0.35,0.35,0.353,0.343,0.351,0.525,0.696
2019-01-09,0,0.03676388888888888,0.351,0.35,0.354,0.344,0.352,0.526,0.698
2019-01-10,0,1.8997291666666667,0.352,0.351,0.354,0.344,0.352,0.526,0.698
2019-01-11,0,-0.09695138888888888,0.353,0.351,0.355,0.346,0.353,0.528,0.701
2019-01-12,4.8260000000000005,-1.837236111111111,0.353,0.352,0.356,0.345,0.353,0.528,0.7
2019-01-13,0,-3.0135833333333335,0.354,0.352,0.356,0.346,0.354,0.529,0.702
2019-01-14,0,-1.2247708333333334,0.354,0.353,0.356,0.346,0.354,0.53,0.703
2019-01-15,0,-3.783965277777778,0.354,0.353,0.356,0.346,0.354,0.53,0.703
2019-01-16,0,-3.976125,0.354,0.353,0.357,0.347,0.354,0.53,0.703
2019-01-17,0,0.3766388888888889,0.354,0.353,0.357,0.346,0.355,0.531,0.703
2019-01-18,0,-0.0708125,0.355,0.353,0.358,0.347,0.355,0.531,0.705
2019-01-19,0,-6.186368055555556,0.355,0.354,0.358,0.346,0.355,0.531,0.705
2019-01-20,0,-0.18277083333333333,0.355,0.354,0.358,0.346,0.355,0.531,0.704
2019-01-21,0,-1.9727569444444444,0.355,0.354,0.358,0.347,0.356,0.532,0.705
2019-01-22,0,-6.021868055555555,0.353,0.355,0.359,0.349,0.356,0.533,0.707
2019-01-23,0,-4.973722222222222,0.35,0.355,0.358,0.347,0.355,0.531,0.704
2019-01-24,0,-4.234444444444445,0.349,0.353,0.358,0.346,0.353,0.529,0.701
2019-01-25,0,-1.8652152777777777,0.347,0.351,0.355,0.346,0.351,0.526,0.699
2019-01-26,0,0.39750694444444445,0.346,0.35,0.355,0.345,0.35,0.525,0.697
2019-01-27,0,3.1327291666666666,0.347,0.351,0.354,0.344,0.35,0.525,0.697
2019-01-28,0,0.5712361111111111,0.353,0.353,0.357,0.344,0.354,0.529,0.701
2019-01-29,0,-3.43725,0.353,0.353,0.358,0.346,0.355,0.53,0.703
2019-01-30,0,-7.165229166666666,0.354,0.354,0.358,0.346,0.355,0.531,0.704
2019-01-31,0,-1.2665625,0.354,0.354,0.358,0.346,0.355,0.531,0.705
2019-02-01,0,2.4376875,0.354,0.354,0.358,0.346,0.355,0.531,0.704
2019-02-02,0,5.433993055555556,0.355,0.354,0.358,0.346,0.356,0.532,0.705
2019-02-03,0,6.765902777777778,0.355,0.354,0.359,0.347,0.356,0.532,0.705
2019-02-04,0,-2.020583333333333,0.355,0.354,0.359,0.347,0.356,0.532,0.706
2019-02-05,0,-7.3905763888888885,0.355,0.354,0.36,0.35,0.356,0.533,0.708
2019-02-06,0,-7.964756944444445,0.355,0.355,0.36,0.35,0.356,0.534,0.708
2019-02-07,0,-13.848402777777778,0.355,0.354,0.359,0.348,0.356,0.532,0.707
2019-02-08,0,-8.755097222222222,0.351,0.354,0.358,0.347,0.354,0.531,0.704
2019-02-09,0,-1.0044861111111112,0.35,0.354,0.358,0.347,0.354,0.53,0.704
2019-02-10,0,-1.3979513888888888,0.354,0.354,0.358,0.347,0.355,0.531,0.705
2019-02-11,0,-0.12255555555555556,0.355,0.354,0.359,0.347,0.356,0.532,0.706
2019-02-12,0,1.0430833333333334,0.355,0.354,0.358,0.347,0.356,0.532,0.706
2019-02-13,0,4.011618055555555,0.356,0.354,0.359,0.347,0.356,0.532,0.706
2019-02-14,0,4.405027777777778,0.356,0.354,0.359,0.347,0.356,0.533,0.706
2019-02-15,0,-6.7759375,0.356,0.354,0.359,0.347,0.356,0.533,0.706
2019-02-16,0,-7.436972222222222,0.356,0.354,0.36,0.35,0.356,0.534,0.709
2019-02-17,0,-5.4676527777777775,0.354,0.354,0.359,0.349,0.356,0.532,0.707
2019-02-18,0.254,-10.467777777777778,0.348,0.354,0.359,0.347,0.353,0.53,0.704
2019-02-19,0,-8.63967361111111,0.306,0.352,0.359,0.35,0.34,0.517,0.692
2019-02-20,1.524,-5.256194444444445,0.205,0.352,0.357,0.348,0.309,0.485,0.659
2019-02-21,0,-1.7309097222222223,0.207,0.352,0.356,0.345,0.309,0.485,0.657
2019-02-22,0,0.8643958333333334,0.306,0.354,0.358,0.346,0.341,0.517,0.689
2019-02-23,0.254,-2.1424791666666665,0.315,0.354,0.359,0.347,0.344,0.52,0.694
2019-02-24,2.286,-7.430923611111111,0.322,0.355,0.359,0.347,0.346,0.522,0.696
2019-02-25,0,-9.7143125,0.331,0.354,0.358,0.346,0.348,0.524,0.697
2019-02-26,0,-13.132624999999999,0.34,0.353,0.358,0.346,0.35,0.526,0.699
2019-02-27,0,-13.589166666666667,0.343,0.352,0.356,0.345,0.351,0.526,0.698
2019-02-28,0,-9.959069444444445,0.344,0.351,0.355,0.345,0.35,0.525,0.697
2019-03-01,0,-4.541868055555556,0.343,0.351,0.355,0.343,0.35,0.524,0.695
2019-03-02,0,-7.193597222222222,0.344,0.351,0.355,0.341,0.35,0.524,0.694
2019-03-03,0,-15.065069444444445,0.344,0.351,0.354,0.339,0.35,0.523,0.692
2019-03-04,0,-15.795486111111112,0.344,0.351,0.354,0.336,0.349,0.522,0.69
2019-03-05,0.762,-12.540125,0.343,0.35,0.353,0.334,0.349,0.52,0.687
2019-03-06,0,-3.0274027777777777,0.342,0.35,0.353,0.332,0.348,0.519,0.685
2019-03-07,0,-1.753986111111111,0.34,0.35,0.352,0.33,0.348,0.518,0.683
2019-03-08,0,-0.40299999999999997,0.341,0.35,0.351,0.329,0.348,0.518,0.682
2019-03-09,0,4.021881944444444,0.349,0.353,0.355,0.328,0.352,0.523,0.687
2019-03-10,0,1.4699097222222222,0.351,0.353,0.356,0.336,0.354,0.526,0.694
2019-03-11,0,2.7149236111111112,0.353,0.354,0.357,0.342,0.355,0.529,0.7
2019-03-12,0,10.137166666666667,0.353,0.354,0.358,0.343,0.355,0.53,0.701
2019-03-13,11.684000000000001,9.064770833333334,0.354,0.354,0.357,0.343,0.355,0.53,0.701
2019-03-14,0,2.153875,0.353,0.355,0.358,0.343,0.355,0.531,0.702
2019-03-15,0,2.4856944444444444,0.353,0.355,0.358,0.344,0.355,0.531,0.703
2019-03-16,0,4.373423611111111,0.354,0.356,0.359,0.344,0.356,0.532,0.704
2019-03-17,0,5.6949097222222225,0.355,0.356,0.359,0.345,0.357,0.532,0.705
2019-03-18,0,5.496597222222222,0.355,0.357,0.359,0.345,0.357,0.533,0.705
2019-03-19,0,6.118486111111111,0.356,0.357,0.359,0.346,0.357,0.533,0.706
2019-03-20,0,5.3042638888888884,0.356,0.357,0.359,0.346,0.357,0.533,0.706
2019-03-21,0,7.690298611111111,0.356,0.357,0.359,0.347,0.357,0.533,0.707
2019-03-22,26.416,7.861409722222223,0.358,0.357,0.36,0.347,0.358,0.535,0.708
2019-03-23,0,8.7856875,0.357,0.357,0.359,0.348,0.358,0.535,0.709
2019-03-24,0,6.728152777777778,0.357,0.357,0.359,0.349,0.358,0.535,0.709
2019-03-25,0,7.800618055555556,0.358,0.357,0.36,0.35,0.358,0.536,0.711
2019-03-26,0,10.528631944444445,0.357,0.357,0.359,0.351,0.358,0.535,0.711
2019-03-27,0,16.250555555555554,0.358,0.357,0.359,0.352,0.358,0.536,0.712
2019-03-28,0,10.129729166666667,0.358,0.357,0.36,0.354,0.358,0.537,0.714
2019-03-29,1.016,3.2439583333333335,0.359,0.357,0.36,0.356,0.359,0.538,0.716
2019-03-30,0.508,1.0533611111111112,0.358,0.357,0.36,0.356,0.358,0.537,0.715
2019-03-31,0,2.0101458333333335,0.358,0.357,0.36,0.356,0.358,0.537,0.715
2019-04-01,0,6.804395833333333,0.358,0.357,0.359,0.356,0.358,0.537,0.714
2019-04-02,0,7.3152083333333335,0.357,0.357,0.359,0.355,0.358,0.536,0.713
2019-04-03,0,9.761402777777779,0.354,0.357,0.359,0.353,0.357,0.535,0.712
2019-04-04,0,10.038493055555556,0.353,0.356,0.358,0.352,0.356,0.533,0.71
2019-04-05,0,16.461111111111112,0.351,0.355,0.357,0.351,0.354,0.531,0.707
2019-04-06,0,16.190347222222222,0.348,0.354,0.357,0.35,0.353,0.53,0.705
2019-04-07,0,14.445701388888889,0.346,0.353,0.356,0.349,0.352,0.528,0.703
2019-04-08,0,15.378222222222222,0.344,0.352,0.355,0.348,0.351,0.526,0.7
2019-04-09,0,17.501333333333335,0.342,0.352,0.355,0.346,0.35,0.525,0.698
2019-04-10,0,12.191986111111111,0.339,0.352,0.355,0.345,0.349,0.523,0.696
2019-04-11,0,-1.302486111111111,0.336,0.351,0.354,0.342,0.347,0.521,0.692
2019-04-12,0,2.224798611111111,0.336,0.351,0.353,0.339,0.347,0.52,0.689
2019-04-13,0,3.7530763888888887,0.336,0.351,0.352,0.337,0.347,0.519,0.687
2019-04-14,0,8.154340277777777,0.335,0.35,0.352,0.335,0.346,0.518,0.685
2019-04-15,0,14.430270833333333,0.334,0.351,0.351,0.334,0.346,0.517,0.684
2019-04-16,0,14.699791666666666,0.334,0.351,0.351,0.332,0.346,0.516,0.682
2019-04-17,0,15.610625,0.333,0.351,0.35,0.331,0.345,0.515,0.681
2019-04-18,0,10.348597222222223,0.331,0.351,0.349,0.33,0.344,0.514,0.679
2019-04-19,0,10.463409722222222,0.328,0.351,0.348,0.329,0.343,0.512,0.677
2019-04-20,0,18.052902777777778,0.327,0.35,0.347,0.328,0.342,0.511,0.675
2019-04-21,0,19.460416666666667,0.324,0.35,0.345,0.327,0.341,0.509,0.673
2019-04-22,0,12.310625,0.32,0.35,0.343,0.327,0.339,0.507,0.67
2019-04-23,0,10.610409722222222,0.314,0.35,0.342,0.326,0.337,0.504,0.667
2019-04-24,0,13.423416666666666,0.306,0.349,0.341,0.325,0.334,0.5,0.662
2019-04-25,0,13.530763888888888,0.296,0.349,0.339,0.324,0.33,0.496,0.658
2019-04-26,0,14.944826388888888,0.284,0.348,0.338,0.323,0.326,0.491,0.652
2019-04-27,0,13.781145833333333,0.272,0.347,0.336,0.322,0.321,0.486,0.647
2019-04-28,0.508,12.005430555555556,0.26,0.345,0.335,0.321,0.317,0.48,0.641
2019-04-29,0,10.698104166666667,0.25,0.343,0.333,0.32,0.312,0.475,0.636
2019-04-30,0.254,6.316763888888889,0.242,0.342,0.333,0.321,0.309,0.472,0.633
2019-05-01,7.112,7.450326388888889,0.239,0.341,0.332,0.32,0.308,0.471,0.631
2019-05-02,0.508,8.569597222222223,0.236,0.34,0.331,0.319,0.306,0.469,0.628
2019-05-03,7.112,12.26951388888889,0.233,0.339,0.33,0.318,0.305,0.467,0.626
2019-05-04,0.254,14.89425,0.233,0.338,0.33,0.317,0.304,0.466,0.624
2019-05-05,0,16.871458333333333,0.229,0.336,0.328,0.316,0.302,0.463,0.621
2019-05-06,4.318,14.99576388888889,0.224,0.333,0.327,0.315,0.299,0.459,0.617
2019-05-07,19.304000000000002,10.743125,0.269,0.331,0.326,0.315,0.311,0.471,0.629
2019-05-08,3.81,10.0040625,0.341,0.331,0.326,0.315,0.333,0.493,0.65
2019-05-09,2.032,6.057409722222222,0.344,0.331,0.327,0.314,0.334,0.494,0.651
2019-05-10,0,6.569541666666667,0.344,0.335,0.327,0.314,0.336,0.496,0.653
2019-05-11,0,11.9474375,0.343,0.341,0.327,0.313,0.338,0.498,0.655
2019-05-12,0,12.433104166666666,0.341,0.342,0.327,0.312,0.338,0.497,0.654
2019-05-13,0,16.247166666666665,0.334,0.342,0.327,0.31,0.335,0.494,0.65
2019-05-14,0,20.49041666666667,0.319,0.341,0.326,0.31,0.33,0.489,0.644
2019-05-15,0,22.505902777777777,0.287,0.339,0.325,0.309,0.32,0.478,0.633
2019-05-16,0,23.47826388888889,0.244,0.337,0.324,0.308,0.305,0.463,0.618
2019-05-17,0,22.350694444444443,0.213,0.334,0.323,0.307,0.295,0.452,0.605
2019-05-18,11.176,14.409923611111111,0.189,0.331,0.321,0.306,0.285,0.442,0.595
2019-05-19,0,11.89195138888889,0.176,0.328,0.32,0.305,0.28,0.436,0.589
2019-05-20,25.654,8.414708333333333,0.27,0.335,0.328,0.306,0.314,0.472,0.625
2019-05-21,6.8580000000000005,8.749291666666666,0.345,0.347,0.347,0.328,0.346,0.514,0.678
2019-05-22,0,10.0413125,0.349,0.348,0.35,0.344,0.349,0.522,0.694
2019-05-23,16.256,10.244930555555555,0.35,0.349,0.35,0.345,0.35,0.524,0.696
2019-05-24,0.254,15.483625,0.351,0.349,0.352,0.346,0.35,0.525,0.698
2019-05-25,0.762,18.997569444444444,0.35,0.349,0.353,0.346,0.351,0.525,0.698
2019-05-26,22.35,17.938402777777778,0.35,0.35,0.353,0.347,0.351,0.526,0.699
2019-05-27,0,19.37826388888889,0.351,0.35,0.353,0.346,0.351,0.526,0.699
2019-05-28,0,18.280763888888888,0.351,0.35,0.354,0.347,0.351,0.527,0.7
2019-05-29,0,13.501805555555556,0.352,0.35,0.354,0.347,0.352,0.527,0.701
2019-05-30,0,16.0031875,0.353,0.351,0.354,0.348,0.352,0.528,0.702
2019-05-31,0,19.318125,0.353,0.351,0.354,0.348,0.353,0.528,0.702
2019-06-01,0,20.263333333333332,0.353,0.351,0.354,0.349,0.353,0.528,0.703
2019-06-02,0,20.858055555555556,0.353,0.351,0.354,0.349,0.353,0.528,0.703
2019-06-03,0,22.6075,0.352,0.351,0.354,0.349,0.352,0.528,0.703
2019-06-04,0.762,21.30909722222222,0.349,0.351,0.354,0.349,0.351,0.527,0.702
2019-06-05,0,21.410763888888887,0.347,0.35,0.353,0.348,0.35,0.525,0.699
2019-06-06,3.048,19.467777777777776,0.345,0.349,0.352,0.347,0.349,0.523,0.697
2019-06-07,0,20.682291666666668,0.342,0.348,0.351,0.345,0.347,0.521,0.694
2019-06-08,0,23.015416666666667,0.329,0.347,0.351,0.341,0.343,0.516,0.686
2019-06-09,0.508,15.006534653465346,0.314,0.346,0.35,0.337,0.337,0.509,0.677
2020-11-18,0,14.3198125,0.175,0.068,0.086,0.083,0.105,0.148,0.189
2020-11-19,0,13.8363125,0.158,0.069,0.086,0.083,0.1,0.143,0.184
2020-11-20,0,8.546979166666667,0.145,0.069,0.086,0.083,0.097,0.139,0.18
2020-11-21,0,5.531375,0.137,0.07,0.086,0.083,0.095,0.137,0.178
2020-11-22,0,4.061125,0.127,0.069,0.086,0.082,0.091,0.133,0.174
2020-11-23,0.508,7.8075625,0.123,0.07,0.086,0.083,0.09,0.133,0.174
2020-11-24,0.508,6.936625,0.118,0.07,0.086,0.083,0.089,0.131,0.172
2020-11-25,0,3.9180208333333333,0.11,0.069,0.086,0.083,0.086,0.128,0.17
2020-11-26,0,1.7988958333333334,0.105,0.068,0.086,0.082,0.084,0.126,0.167
2020-11-27,0,0.9075208333333334,0.1,0.067,0.086,0.082,0.082,0.124,0.165
2020-11-28,0,2.2366458333333332,0.097,0.066,0.086,0.082,0.081,0.123,0.164
2020-11-29,0,0.8767916666666666,0.094,0.065,0.085,0.081,0.08,0.121,0.162
2020-11-30,0,-3.0752916666666668,0.089,0.065,0.085,0.082,0.078,0.119,0.16
2020-12-01,0,1.2225416666666666,0.088,0.064,0.084,0.082,0.077,0.118,0.159
2020-12-02,0,1.1617708333333334,0.086,0.064,0.084,0.082,0.076,0.118,0.159
2020-12-03,0,-0.4561875,0.082,0.064,0.084,0.081,0.075,0.116,0.157
2020-12-04,0,1.6051666666666666,0.079,0.064,0.083,0.082,0.074,0.115,0.156
2020-12-05,0,3.624041666666667,0.079,0.064,0.083,0.082,0.074,0.115,0.156
2020-12-06,0,1.2266458333333334,0.076,0.064,0.083,0.081,0.073,0.114,0.155
2020-12-07,0,3.5140625,0.074,0.064,0.083,0.081,0.072,0.113,0.154
2020-12-08,0,4.319791666666666,0.072,0.064,0.083,0.081,0.072,0.113,0.153
2020-12-09,0,6.3153958333333335,0.071,0.064,0.083,0.081,0.071,0.112,0.153
2020-12-10,0,2.066104166666667,0.069,0.064,0.082,0.081,0.07,0.111,0.152
2020-12-11,0,-0.15070833333333333,0.068,0.064,0.083,0.082,0.07,0.111,0.152
2020-12-12,0,-0.7552291666666666,0.066,0.064,0.083,0.082,0.07,0.111,0.151
2020-12-13,1.27,-3.5193958333333333,0.064,0.064,0.082,0.079,0.069,0.109,0.149
2020-12-14,0,-5.782333333333334,0.064,0.064,0.082,0.082,0.069,0.11,0.151
2020-12-15,0,-4.155916666666666,0.064,0.064,0.082,0.081,0.069,0.11,0.151
2020-12-16,0.762,-5.512208333333334,0.064,0.064,0.082,0.08,0.069,0.109,0.149
2020-12-17,0,0.3003958333333333,0.064,0.064,0.081,0.08,0.069,0.109,0.149
2020-12-18,0,3.3249375,0.064,0.064,0.08,0.08,0.069,0.108,0.148
2020-12-19,0,-0.4637291666666667,0.064,0.064,0.08,0.079,0.068,0.108,0.148
2020-12-20,0,3.7437708333333335,0.064,0.064,0.08,0.079,0.068,0.108,0.148
2020-12-21,0,4.0234375,0.064,0.064,0.081,0.08,0.069,0.109,0.149
2020-12-22,0,6.726770833333333,0.064,0.064,0.08,0.079,0.068,0.108,0.147
2020-12-23,0,-0.7083125,0.064,0.064,0.081,0.081,0.069,0.109,0.149
2020-12-24,0,-1.3683958333333333,0.064,0.064,0.081,0.081,0.069,0.109,0.15
2020-12-25,0,3.1678333333333333,0.064,0.064,0.08,0.078,0.069,0.108,0.147
2020-12-26,0,1.7498958333333334,0.064,0.064,0.08,0.078,0.068,0.108,0.147
2020-12-27,0,3.487416666666667,0.064,0.064,0.079,0.079,0.068,0.108,0.147
2020-12-28,0,-0.964,0.064,0.064,0.081,0.08,0.069,0.109,0.149
2020-12-29,1.778,-0.32889583333333333,0.064,0.064,0.081,0.08,0.069,0.109,0.149
2020-12-30,0,-3.3613125,0.064,0.064,0.08,0.077,0.068,0.108,0.146
2020-12-31,0,-2.9830208333333332,0.064,0.064,0.079,0.078,0.068,0.107,0.146
2021-01-01,0,-1.5874583333333334,0.064,0.064,0.079,0.079,0.068,0.108,0.147
2021-01-02,0,-0.3671249999999999,0.064,0.064,0.078,0.078,0.068,0.107,0.146
2021-01-03,0,0.9837291666666667,0.064,0.064,0.078,0.078,0.068,0.107,0.146
2021-01-04,0,4.173875,0.064,0.064,0.078,0.078,0.068,0.107,0.146
2021-01-05,0,4.812375,0.064,0.064,0.079,0.079,0.068,0.108,0.147
2021-01-06,0,2.7779791666666664,0.064,0.064,0.078,0.078,0.068,0.107,0.146
2021-01-07,0,-2.1775625,0.064,0.064,0.08,0.078,0.068,0.108,0.147
2021-01-08,0,1.0330208333333333,0.064,0.064,0.079,0.078,0.068,0.107,0.146
2021-01-09,0,-1.369875,0.064,0.064,0.08,0.079,0.069,0.108,0.148
2021-01-10,0,-0.7046666666666667,0.064,0.064,0.08,0.079,0.069,0.108,0.148
2021-01-11,0,-3.384145833333333,0.064,0.064,0.078,0.076,0.068,0.107,0.145
2021-01-12,0,-0.8232916666666666,0.064,0.064,0.078,0.076,0.068,0.107,0.145
2021-01-13,0,6.431479166666667,0.064,0.064,0.078,0.077,0.068,0.107,0.145
2021-01-14,0,4.7353125,0.064,0.064,0.078,0.077,0.068,0.106,0.145
2021-01-15,0,0.827625,0.064,0.064,0.077,0.077,0.068,0.106,0.145
2021-01-16,0,1.9529375,0.064,0.064,0.08,0.078,0.068,0.108,0.147
2021-01-17,0,0.5784375,0.064,0.064,0.077,0.077,0.068,0.106,0.145
2021-01-18,0,2.3842708333333333,0.064,0.064,0.078,0.077,0.068,0.107,0.145
2021-01-19,0,-0.841375,0.064,0.064,0.077,0.077,0.068,0.106,0.144
2021-01-20,0,1.2706875,0.064,0.064,0.077,0.077,0.068,0.106,0.145
2021-01-21,0,1.9494166666666668,0.064,0.064,0.077,0.076,0.068,0.106,0.144
2021-01-22,0,-3.33875,0.064,0.064,0.077,0.076,0.068,0.106,0.144
2021-01-23,0,-0.18554166666666672,0.064,0.064,0.079,0.078,0.068,0.107,0.146
2021-01-24,0,-3.24225,0.064,0.064,0.08,0.079,0.068,0.108,0.147
2021-01-25,0,-4.386729166666667,0.064,0.064,0.079,0.079,0.068,0.108,0.147
2021-01-26,0,-9.701291666666666,0.064,0.064,0.079,0.077,0.068,0.107,0.146
2021-01-27,3.556,-12.052041666666668,0.064,0.064,0.078,0.077,0.068,0.106,0.145
2021-01-28,2.794,-3.966125,0.064,0.064,0.077,0.076,0.068,0.106,0.144
2021-01-29,0,0.0011458333333332904,0.064,0.064,0.079,0.078,0.068,0.107,0.146
2021-01-30,0,1.0950416666666667,0.064,0.064,0.076,0.076,0.067,0.105,0.143
2021-01-31,0,0.543125,0.064,0.064,0.076,0.076,0.067,0.105,0.143
2021-02-01,0,3.1645208333333334,0.064,0.064,0.076,0.076,0.067,0.105,0.143
2021-02-02,0,3.5925,0.064,0.064,0.075,0.076,0.067,0.105,0.143
2021-02-03,0,7.351625,0.064,0.064,0.076,0.076,0.067,0.105,0.143
2021-02-04,0,2.2576875,0.064,0.064,0.076,0.076,0.067,0.105,0.143
2021-02-05,0,1.4214791666666666,0.064,0.064,0.077,0.077,0.068,0.106,0.144
2021-02-06,0,-4.655625,0.064,0.064,0.079,0.078,0.068,0.108,0.147
2021-02-07,0,-8.900083333333333,0.064,0.064,0.079,0.079,0.068,0.108,0.147
2021-02-08,0,-13.09,0.064,0.064,0.079,0.079,0.068,0.108,0.147
2021-02-09,0,-12.345416666666667,0.064,0.064,0.079,0.079,0.068,0.108,0.147
2021-02-10,0,-12.199375,0.064,0.064,0.079,0.078,0.068,0.107,0.146
2021-02-11,0,-14.03875,0.064,0.064,0.076,0.075,0.067,0.105,0.142
2021-02-12,0,-16.378541666666667,0.064,0.064,0.078,0.079,0.068,0.107,0.146
2021-02-13,0,-16.299791666666668,0.064,0.064,0.078,0.077,0.068,0.106,0.145
2021-02-14,0,-19.359791666666666,0.064,0.064,0.076,0.077,0.067,0.105,0.144
2021-02-15,0,-22.708541666666665,0.064,0.064,0.073,0.076,0.066,0.104,0.141
2021-02-16,0,-17.776458333333334,0.064,0.064,0.075,0.077,0.067,0.105,0.143
2021-02-17,0,-11.4306875,0.064,0.064,0.072,0.075,0.066,0.103,0.141
2021-02-18,0,-7.493270833333333,0.064,0.064,0.073,0.077,0.066,0.104,0.142
2021-02-19,0,-3.906791666666667,0.064,0.064,0.071,0.074,0.066,0.102,0.139
2021-02-20,0,2.637020833333333,0.064,0.064,0.069,0.073,0.065,0.101,0.137
2021-02-21,0,2.1062708333333333,0.064,0.064,0.069,0.073,0.065,0.101,0.137
2021-02-22,0,4.198666666666667,0.064,0.064,0.069,0.072,0.065,0.101,0.137
2021-02-23,0,8.305125,0.064,0.064,0.069,0.071,0.065,0.1,0.136
2021-02-24,0,2.2508958333333333,0.064,0.064,0.069,0.072,0.065,0.101,0.137
2021-02-25,0,0.6165208333333334,0.064,0.064,0.07,0.072,0.066,0.101,0.137
2021-02-26,0,0.10935416666666666,0.064,0.064,0.07,0.072,0.066,0.101,0.137
2021-02-27,0,5.3049375,0.064,0.064,0.07,0.071,0.066,0.101,0.136
2021-02-28,0,-0.35883333333333334,0.064,0.064,0.07,0.069,0.066,0.101,0.135
2021-03-01,0,-0.36814583333333334,0.064,0.064,0.071,0.073,0.066,0.102,0.138
2021-03-02,0,4.8989375,0.064,0.064,0.071,0.071,0.066,0.102,0.137
2021-03-03,0,5.842208333333334,0.064,0.064,0.071,0.07,0.066,0.102,0.137
2021-03-04,1.27,5.077791666666667,0.064,0.064,0.073,0.071,0.067,0.102,0.138
2021-03-05,17.272,9.4735625,0.2,0.064,0.073,0.072,0.107,0.144,0.18
2021-03-06,0,9.025458333333333,0.285,0.064,0.073,0.07,0.133,0.169,0.204
2021-03-07,0,11.891375,0.283,0.064,0.074,0.07,0.132,0.168,0.204
2021-03-08,0,12.101145833333334,0.276,0.064,0.076,0.071,0.131,0.168,0.203
2021-03-09,0,15.440020833333334,0.269,0.064,0.076,0.071,0.129,0.166,0.202
2021-03-10,0,11.8541875,0.261,0.064,0.076,0.072,0.127,0.164,0.199
2021-03-11,0,3.3114375,0.257,0.065,0.077,0.073,0.126,0.163,0.2
2021-03-12,1.778,3.1382916666666665,0.258,0.064,0.081,0.076,0.127,0.166,0.204
2021-03-13,40.894,3.527375,0.291,0.064,0.081,0.079,0.137,0.177,0.216
2021-03-14,3.556,9.014708333333333,0.338,0.064,0.08,0.075,0.151,0.19,0.227
2021-03-15,1.778,6.035479166666667,0.34,0.066,0.08,0.076,0.152,0.191,0.229
2021-03-16,0,4.136166666666667,0.342,0.07,0.081,0.079,0.155,0.195,0.234
2021-03-17,0,2.017125,0.341,0.076,0.081,0.079,0.157,0.197,0.236
2021-03-18,0,2.061541666666667,0.338,0.08,0.081,0.076,0.158,0.197,0.235
2021-03-19,0,3.6548333333333334,0.335,0.088,0.08,0.076,0.16,0.199,0.237
2021-03-20,0,10.356354166666666,0.335,0.093,0.08,0.076,0.162,0.201,0.239
2021-03-21,0,11.7154375,0.335,0.099,0.08,0.076,0.165,0.204,0.242
2021-03-22,7.112,4.482833333333334,0.337,0.104,0.082,0.08,0.168,0.208,0.248
2021-03-23,2.286,4.190145833333333,0.342,0.106,0.083,0.079,0.17,0.211,0.25
2021-03-24,2.54,3.6584583333333334,0.341,0.108,0.083,0.079,0.171,0.211,0.251
2021-03-25,0.254,3.8684166666666666,0.342,0.113,0.083,0.079,0.173,0.214,0.253
2021-03-26,0,8.914604166666667,0.342,0.12,0.083,0.077,0.176,0.216,0.255
2021-03-27,0,7.281416666666667,0.341,0.133,0.082,0.077,0.181,0.221,0.26
2021-03-28,0,8.857583333333332,0.341,0.147,0.082,0.077,0.187,0.227,0.266
2021-03-29,0,16.234479166666667,0.34,0.161,0.084,0.078,0.193,0.233,0.272
2021-03-30,0,5.076395833333334,0.339,0.177,0.083,0.078,0.199,0.24,0.279
2021-03-31,0,3.167666666666667,0.337,0.192,0.083,0.078,0.205,0.245,0.284
2021-04-01,0,7.506479166666667,0.335,0.203,0.084,0.078,0.209,0.25,0.289
2021-04-02,0,13.702875,0.333,0.211,0.085,0.078,0.213,0.253,0.292
2021-04-03,0,15.842854166666667,0.332,0.219,0.085,0.079,0.215,0.256,0.296
2021-04-04,0,19.344,0.331,0.225,0.086,0.079,0.218,0.259,0.299
2021-04-05,0,19.576249999999998,0.33,0.229,0.086,0.079,0.219,0.261,0.301
2021-04-06,0,17.723604166666668,0.328,0.233,0.087,0.079,0.221,0.262,0.302
2021-04-07,0.508,5.032104166666667,0.326,0.236,0.088,0.082,0.222,0.264,0.305
2021-04-08,0,11.186375,0.322,0.239,0.089,0.08,0.222,0.264,0.304
2021-04-09,0,8.235208333333333,0.32,0.242,0.09,0.081,0.223,0.265,0.306
2021-04-10,0,7.302833333333333,0.315,0.243,0.089,0.081,0.222,0.264,0.304
2021-04-11,0,11.582166666666668,0.312,0.245,0.09,0.081,0.222,0.265,0.305
2021-04-12,0,6.664770833333334,0.309,0.247,0.09,0.082,0.222,0.265,0.306
2021-04-13,0,5.567770833333333,0.306,0.248,0.091,0.082,0.222,0.265,0.306
2021-04-14,0,4.855520833333333,0.302,0.248,0.091,0.082,0.221,0.264,0.305
2021-04-15,0,5.3469999999999995,0.302,0.251,0.092,0.084,0.222,0.266,0.308
2021-04-16,7.8740000000000006,2.75625,0.299,0.251,0.092,0.085,0.221,0.265,0.308
2021-04-17,0.762,4.6415625,0.297,0.252,0.093,0.084,0.221,0.265,0.307
2021-04-18,0,6.124645833333333,0.298,0.252,0.093,0.082,0.221,0.265,0.306
2021-04-19,0,2.050666666666667,0.3,0.252,0.093,0.084,0.222,0.266,0.308
2021-04-20,2.032,-0.06299999999999999,0.316,0.252,0.093,0.083,0.226,0.27,0.312
2021-04-21,0,2.2944166666666668,0.337,0.252,0.093,0.083,0.233,0.277,0.319
2021-04-22,0,7.350416666666667,0.338,0.252,0.094,0.083,0.234,0.278,0.319
2021-04-23,0,9.3488125,0.337,0.252,0.094,0.083,0.233,0.277,0.319
2021-04-24,0,8.372604166666667,0.336,0.252,0.095,0.083,0.233,0.277,0.319
2021-04-25,0,17.49,0.334,0.251,0.095,0.083,0.232,0.277,0.318
2021-04-26,0,20.753,0.331,0.25,0.096,0.083,0.231,0.276,0.317
2021-04-27,0,16.545208333333335,0.327,0.249,0.096,0.085,0.23,0.275,0.318
2021-04-28,0,12.002583333333334,0.324,0.25,0.097,0.085,0.229,0.274,0.317
2021-04-29,0,13.523541666666667,0.32,0.249,0.098,0.083,0.228,0.273,0.315
2021-04-30,0,14.837958333333333,0.315,0.248,0.098,0.084,0.226,0.271,0.313
2021-05-01,0,19.407895833333335,0.31,0.245,0.099,0.084,0.223,0.269,0.311
2021-05-02,5.588,19.528958333333332,0.303,0.242,0.099,0.084,0.22,0.266,0.308
2021-05-03,0.254,12.325,0.296,0.242,0.1,0.086,0.218,0.265,0.308
2021-05-04,0,10.8635625,0.29,0.241,0.1,0.085,0.216,0.262,0.305
2021-05-05,0,12.492333333333333,0.283,0.24,0.101,0.085,0.214,0.26,0.303
2021-05-06,0,11.460958333333334,0.276,0.24,0.102,0.085,0.212,0.259,0.301
2021-05-07,0,17.536125,0.269,0.238,0.102,0.086,0.209,0.256,0.3
2021-05-08,0,19.929583333333333,0.26,0.236,0.103,0.086,0.206,0.253,0.296
2021-05-09,0,10.342604166666666,0.251,0.234,0.103,0.086,0.202,0.249,0.292
2021-05-10,1.524,9.072333333333333,0.243,0.233,0.104,0.088,0.2,0.247,0.291
2021-05-11,17.78,7.773270833333333,0.31,0.232,0.104,0.088,0.22,0.267,0.311
2021-05-12,0,8.576645833333334,0.341,0.233,0.105,0.088,0.229,0.277,0.321
2021-05-13,0,12.41825,0.34,0.232,0.105,0.088,0.229,0.277,0.321
2021-05-14,19.052,17.556041666666665,0.337,0.236,0.105,0.087,0.23,0.277,0.321
2021-05-15,2.54,18.1525,0.342,0.339,0.106,0.088,0.275,0.323,0.367
2021-05-16,12.954,18.918333333333333,0.344,0.341,0.322,0.088,0.337,0.437,0.481
2021-05-17,7.8740000000000006,15.935,0.345,0.339,0.346,0.089,0.343,0.449,0.493
2021-05-18,9.652000000000001,16.315208333333334,0.347,0.343,0.348,0.089,0.346,0.452,0.497
2021-05-19,0,16.336458333333333,0.346,0.34,0.348,0.163,0.344,0.47,0.551
2021-05-20,0,19.070833333333333,0.345,0.339,0.347,0.267,0.343,0.495,0.629
2021-05-21,0,20.662708333333335,0.343,0.338,0.345,0.285,0.341,0.499,0.641
2021-05-22,0,21.156458333333333,0.337,0.336,0.343,0.287,0.338,0.495,0.638
2021-05-23,0.508,20.455000000000002,0.328,0.333,0.339,0.286,0.333,0.489,0.632
2021-05-24,2.032,19.299166666666668,0.319,0.33,0.336,0.285,0.328,0.483,0.625
2021-05-25,0,19.49875,0.307,0.326,0.332,0.284,0.322,0.476,0.618
2021-05-26,0,21.289791666666666,0.289,0.32,0.33,0.283,0.313,0.466,0.607
2021-05-27,0,18.727708333333332,0.269,0.311,0.327,0.281,0.303,0.455,0.595
2021-05-28,0,14.130041666666667,0.253,0.301,0.325,0.279,0.293,0.443,0.583
2021-05-29,0,14.746666666666666,0.238,0.285,0.322,0.278,0.282,0.431,0.57
2021-05-30,9.398,13.36625,0.231,0.272,0.32,0.277,0.273,0.422,0.56
2021-05-31,0.762,12.939375,0.232,0.269,0.318,0.276,0.271,0.42,0.557
2021-06-01,0,16.095208333333332,0.229,0.264,0.317,0.274,0.268,0.416,0.553
2021-06-02,0.254,17.699166666666667,0.222,0.253,0.315,0.273,0.261,0.408,0.544
2021-06-03,0,19.6725,0.211,0.239,0.313,0.271,0.251,0.397,0.533
2021-06-04,0,21.761041666666667,0.198,0.227,0.31,0.269,0.242,0.386,0.521
2021-06-05,0,23.272708333333334,0.184,0.213,0.306,0.267,0.23,0.373,0.506
2021-06-06,0,22.443125,0.17,0.196,0.303,0.264,0.218,0.359,0.491
2021-06-07,0,24.693125,0.159,0.175,0.299,0.261,0.205,0.344,0.475
2021-06-08,0,24.565,0.149,0.155,0.293,0.257,0.192,0.329,0.458
2021-06-09,0,23.912708333333335,0.141,0.142,0.284,0.254,0.181,0.316,0.443
2021-06-10,0,27.852708333333332,0.135,0.133,0.276,0.251,0.174,0.305,0.43
2021-06-11,0,25.4175,0.126,0.125,0.264,0.246,0.164,0.291,0.414
2021-06-12,0,22.99375,0.119,0.118,0.25,0.241,0.155,0.278,0.398
2021-06-13,0,26.398333333333333,0.113,0.112,0.238,0.238,0.148,0.267,0.386
2021-06-14,0,26.02520833333333,0.107,0.108,0.229,0.234,0.142,0.258,0.375
2021-06-15,0,28.539791666666666,0.103,0.104,0.217,0.228,0.136,0.247,0.361
2021-06-16,0,29.61895833333333,0.1,0.101,0.202,0.221,0.129,0.235,0.346
2021-06-17,0,30.874583333333334,0.098,0.098,0.179,0.213,0.121,0.219,0.325
2021-06-18,0,30.213958333333334,0.095,0.095,0.154,0.203,0.112,0.201,0.303
2021-06-19,1.778,26.843541666666667,0.094,0.093,0.135,0.193,0.105,0.188,0.284
2021-06-20,0.762,24.679791666666667,0.093,0.093,0.123,0.183,0.101,0.178,0.27
2021-06-21,0.508,19.768958333333334,0.092,0.092,0.116,0.174,0.098,0.171,0.259
2021-06-22,0,23.29875,0.09,0.09,0.111,0.167,0.096,0.166,0.25
2021-06-23,5.08,28.415625,0.092,0.09,0.106,0.16,0.095,0.162,0.242
2021-06-24,1.016,27.210208333333334,0.093,0.09,0.102,0.153,0.094,0.159,0.235
2021-06-25,2.54,23.727291666666666,0.092,0.09,0.101,0.147,0.094,0.156,0.23
2021-06-26,0,20.848333333333333,0.091,0.09,0.1,0.141,0.093,0.154,0.224
2021-06-27,0,21.340625,0.09,0.09,0.099,0.136,0.092,0.152,0.22
2021-06-28,1.016,21.41875,0.09,0.089,0.098,0.131,0.092,0.15,0.215
2021-06-29,0,21.582291666666666,0.089,0.089,0.097,0.126,0.092,0.148,0.211
2021-06-30,0,22.82125,0.09,0.089,0.096,0.121,0.091,0.146,0.207
2021-07-01,25.402,21.067708333333332,0.23,0.089,0.096,0.117,0.133,0.187,0.245
2021-07-02,0,22.00875,0.324,0.089,0.096,0.114,0.162,0.214,0.271
2021-07-03,0,23.61,0.3,0.089,0.096,0.111,0.155,0.206,0.262
2021-07-04,1.27,24.499166666666667,0.26,0.09,0.096,0.108,0.143,0.194,0.248
2021-07-05,0,25.511666666666667,0.227,0.09,0.096,0.106,0.133,0.183,0.236
2021-07-06,2.54,23.30875,0.186,0.09,0.096,0.103,0.121,0.171,0.222
2021-07-07,0,21.759166666666665,0.156,0.09,0.096,0.102,0.112,0.161,0.212
2021-07-08,0,25.330625,0.131,0.09,0.096,0.1,0.104,0.153,0.203
2021-07-09,0,30.246041666666667,0.111,0.09,0.096,0.096,0.098,0.146,0.194
2021-07-10,3.048,24.928958333333334,0.098,0.09,0.095,0.092,0.094,0.141,0.187
2021-07-11,0,20.751875,0.093,0.09,0.095,0.09,0.092,0.139,0.184
2021-07-12,0,21.992708333333333,0.091,0.09,0.095,0.088,0.091,0.137,0.181
2021-07-13,0,26.833333333333332,0.091,0.09,0.094,0.086,0.091,0.136,0.179
2021-07-14,0.508,27.82625,0.091,0.09,0.093,0.085,0.091,0.136,0.178
2021-07-15,0,22.455625,0.091,0.09,0.093,0.085,0.091,0.135,0.178
2021-07-16,0,24.543333333333333,0.091,0.09,0.093,0.085,0.091,0.135,0.178
2021-07-17,0,26.135,0.092,0.09,0.093,0.084,0.091,0.135,0.177
2021-07-18,0.762,23.662083333333335,0.092,0.09,0.093,0.084,0.091,0.135,0.177
2021-07-19,0,22.331875,0.091,0.09,0.093,0.084,0.091,0.135,0.177
2021-07-20,0,22.39666666666667,0.09,0.09,0.092,0.083,0.091,0.135,0.176
2021-07-21,0,23.362083333333334,0.09,0.09,0.092,0.083,0.09,0.134,0.176
2021-07-22,0,26.18625,0.09,0.089,0.092,0.083,0.09,0.134,0.176
2021-07-23,0,27.811041666666668,0.091,0.09,0.092,0.083,0.091,0.134,0.176
2021-07-24,0,28.898541666666667,0.092,0.09,0.092,0.083,0.091,0.135,0.176
2021-07-25,0.254,24.015,0.092,0.09,0.092,0.083,0.091,0.135,0.176
2021-07-26,0,25.52875,0.091,0.09,0.092,0.083,0.091,0.134,0.176
2021-07-27,0,27.855625,0.092,0.09,0.092,0.083,0.091,0.135,0.176
2021-07-28,0,29.917291666666667,0.093,0.09,0.092,0.083,0.091,0.135,0.176
2021-07-29,0,29.833958333333335,0.093,0.09,0.092,0.083,0.092,0.135,0.176
2021-07-30,0,29.538541666666667,0.093,0.091,0.092,0.083,0.092,0.135,0.176
2021-07-31,0,25.948958333333334,0.093,0.091,0.092,0.083,0.092,0.135,0.177
2021-08-01,0,23.488541666666666,0.091,0.091,0.092,0.083,0.091,0.135,0.176
2021-08-02,0,21.58,0.09,0.09,0.092,0.083,0.091,0.134,0.176
2021-08-03,0,24.119791666666668,0.089,0.09,0.092,0.083,0.09,0.134,0.176
2021-08-04,0,24.643541666666668,0.089,0.09,0.092,0.083,0.09,0.134,0.176
2021-08-05,0,24.919375,0.09,0.09,0.092,0.083,0.09,0.134,0.176
2021-08-06,0,27.149791666666665,0.09,0.09,0.092,0.083,0.09,0.134,0.176
2021-08-07,1.778,26.119375,0.091,0.09,0.092,0.083,0.091,0.134,0.176
2021-08-08,0.254,24.665416666666665,0.09,0.09,0.092,0.083,0.09,0.134,0.176
2021-08-09,0,26.870625,0.09,0.09,0.092,0.083,0.09,0.134,0.176
2021-08-10,0,28.470625,0.091,0.09,0.092,0.083,0.091,0.134,0.176
2021-08-11,2.032,29.545,0.092,0.09,0.092,0.083,0.091,0.135,0.177
2021-08-12,22.102,25.43541666666667,0.112,0.09,0.092,0.083,0.097,0.141,0.183
2021-08-13,0.508,22.114791666666665,0.268,0.09,0.092,0.084,0.144,0.188,0.23
2021-08-14,0,24.283333333333335,0.238,0.09,0.092,0.084,0.135,0.179,0.221
2021-08-15,0,25.683125,0.209,0.09,0.092,0.084,0.126,0.17,0.212
2021-08-16,0,24.831041666666668,0.17,0.09,0.092,0.084,0.115,0.159,0.201
2021-08-17,0,23.918333333333333,0.137,0.09,0.092,0.084,0.105,0.149,0.191
2021-08-18,0,24.169791666666665,0.115,0.09,0.092,0.084,0.098,0.142,0.184
2021-08-19,0,25.550625,0.102,0.09,0.092,0.084,0.094,0.138,0.18
2021-08-20,0,25.402083333333334,0.095,0.09,0.092,0.084,0.092,0.136,0.178
2021-08-21,0.508,22.289166666666667,0.091,0.09,0.092,0.084,0.091,0.135,0.177
2021-08-22,0,26.881875,0.091,0.09,0.092,0.084,0.091,0.135,0.177
2021-08-23,0,30.546666666666667,0.092,0.09,0.092,0.084,0.091,0.135,0.177
2021-08-24,0,30.57,0.092,0.09,0.092,0.084,0.091,0.135,0.178
2021-08-25,0,27.417916666666667,0.092,0.09,0.092,0.084,0.092,0.136,0.178
2021-08-26,0,28.433333333333334,0.092,0.091,0.092,0.084,0.091,0.136,0.178
2021-08-27,0,29.456875,0.092,0.091,0.092,0.085,0.091,0.136,0.178
2021-08-28,0,28.779791666666668,0.092,0.091,0.092,0.085,0.092,0.136,0.178
2021-08-29,0,24.64375,0.092,0.091,0.092,0.085,0.091,0.136,0.178
2021-08-30,0,25.378958333333333,0.091,0.091,0.092,0.085,0.091,0.135,0.178
2021-08-31,0,27.471666666666668,0.091,0.09,0.092,0.085,0.091,0.135,0.178
2021-09-01,0,27.514166666666668,0.091,0.09,0.092,0.085,0.091,0.135,0.178
2021-09-02,5.08,25.269583333333333,0.092,0.091,0.092,0.085,0.091,0.136,0.178
2021-09-03,7.62,22.9225,0.091,0.091,0.092,0.085,0.091,0.135,0.178
2021-09-04,34.034,21.766666666666666,0.301,0.09,0.292,0.085,0.21,0.302,0.344
2021-09-05,0,21.882083333333334,0.332,0.09,0.31,0.085,0.225,0.321,0.364
2021-09-06,0,24.695208333333333,0.322,0.09,0.299,0.086,0.218,0.312,0.355
2021-09-07,0,24.038125,0.307,0.09,0.286,0.087,0.21,0.301,0.344
2021-09-08,0,19.725833333333334,0.291,0.09,0.272,0.088,0.201,0.289,0.333
2021-09-09,0,24.594375,0.278,0.09,0.259,0.089,0.193,0.278,0.323
2021-09-10,0,26.888125,0.265,0.089,0.246,0.09,0.186,0.268,0.313
2021-09-11,0,27.554375,0.251,0.09,0.238,0.09,0.18,0.26,0.305
2021-09-12,0,25.157916666666665,0.237,0.09,0.232,0.091,0.174,0.253,0.298
2021-09-13,0,27.145833333333332,0.226,0.09,0.226,0.091,0.169,0.247,0.292
2021-09-14,0,23.545833333333334,0.212,0.09,0.22,0.091,0.163,0.239,0.285
2021-09-15,0,22.722083333333334,0.198,0.09,0.215,0.092,0.157,0.233,0.279
2021-09-16,0,25.244375,0.184,0.09,0.21,0.092,0.152,0.226,0.272
2021-09-17,0,20.459375,0.168,0.09,0.205,0.092,0.146,0.219,0.265
2021-09-18,0,21.624583333333334,0.158,0.089,0.201,0.093,0.141,0.213,0.259
2021-09-19,0,26.55375,0.144,0.089,0.195,0.092,0.135,0.206,0.253
2021-09-20,0,21.499375,0.128,0.089,0.188,0.092,0.129,0.198,0.244
2021-09-21,0,15.933583333333333,0.117,0.089,0.182,0.092,0.123,0.191,0.237
2021-09-22,0,14.666583333333334,0.109,0.088,0.176,0.092,0.119,0.185,0.231
2021-09-23,0,19.9475,0.103,0.087,0.169,0.092,0.115,0.179,0.225
2021-09-24,0,18.499583333333334,0.098,0.087,0.163,0.091,0.111,0.174,0.22
2021-09-25,0,16.468729166666666,0.095,0.086,0.158,0.091,0.109,0.171,0.216
2021-09-26,0,24.331041666666668,0.093,0.086,0.152,0.091,0.106,0.167,0.212
2021-09-27,0,23.43125,0.091,0.086,0.146,0.091,0.104,0.163,0.208
2021-09-28,0,23.580833333333334,0.09,0.087,0.14,0.09,0.103,0.16,0.205
2021-09-29,0,22.110625,0.09,0.087,0.134,0.09,0.101,0.157,0.202
2021-09-30,10.922,15.058125,0.088,0.087,0.13,0.09,0.099,0.154,0.199
2021-10-01,0,15.412083333333333,0.087,0.086,0.127,0.09,0.098,0.152,0.197
2021-10-02,4.8260000000000005,15.926041666666666,0.087,0.086,0.124,0.09,0.097,0.15,0.195
2021-10-03,0,15.895875,0.088,0.085,0.121,0.09,0.096,0.149,0.193
2021-10-04,0,16.598333333333333,0.088,0.085,0.119,0.089,0.095,0.147,0.191
2021-10-05,0,16.176458333333333,0.088,0.085,0.116,0.089,0.094,0.146,0.19
2021-10-06,0,17.153333333333332,0.088,0.084,0.115,0.089,0.094,0.145,0.189
2021-10-07,0,18.780833333333334,0.089,0.084,0.113,0.088,0.094,0.144,0.188
2021-10-08,0,18.97854166666667,0.09,0.084,0.111,0.088,0.094,0.143,0.188
2021-10-09,0,21.307083333333335,0.091,0.084,0.11,0.088,0.094,0.143,0.187
2021-10-10,0,14.395604166666667,0.09,0.084,0.109,0.088,0.093,0.142,0.186
2021-10-11,0,14.513729166666666,0.089,0.084,0.108,0.088,0.092,0.141,0.185
2021-10-12,9.398,15.916041666666667,0.089,0.083,0.106,0.088,0.092,0.14,0.184
2021-10-13,0,10.635229166666667,0.089,0.083,0.105,0.088,0.091,0.139,0.183
2021-10-14,0,7.456375,0.088,0.082,0.105,0.088,0.09,0.138,0.182
2021-10-15,0,7.415375,0.086,0.081,0.104,0.088,0.089,0.137,0.181
2021-10-16,0,8.682625,0.086,0.08,0.103,0.088,0.088,0.136,0.18
2021-10-17,0,12.617125,0.086,0.079,0.103,0.088,0.088,0.135,0.179
2021-10-18,0,15.396979166666666,0.087,0.079,0.102,0.088,0.088,0.135,0.179
2021-10-19,0,17.4525,0.091,0.079,0.101,0.087,0.089,0.136,0.179
2021-10-20,0,9.015895833333333,0.09,0.08,0.101,0.087,0.089,0.135,0.179
2021-10-21,0,9.772541666666667,0.089,0.079,0.1,0.087,0.088,0.135,0.178
2021-10-22,0,12.331270833333333,0.089,0.079,0.1,0.087,0.088,0.134,0.178
2021-10-23,0,9.398375,0.091,0.078,0.1,0.086,0.088,0.134,0.177
2021-10-24,0,13.3669375,0.091,0.079,0.099,0.086,0.088,0.134,0.178
2021-10-25,0,8.754666666666667,0.09,0.078,0.099,0.086,0.088,0.134,0.177
2021-10-26,0,16.762708333333332,0.092,0.078,0.098,0.086,0.088,0.134,0.177
2021-10-27,0,10.925520833333334,0.092,0.079,0.098,0.086,0.088,0.134,0.177
2021-10-28,0,10.602520833333333,0.088,0.078,0.098,0.086,0.087,0.132,0.175
2021-10-29,0,8.663645833333334,0.087,0.078,0.098,0.085,0.086,0.132,0.174
2021-10-30,0,10.878354166666666,0.088,0.077,0.097,0.085,0.086,0.131,0.174
2021-10-31,0,5.667041666666667,0.086,0.075,0.097,0.085,0.085,0.13,0.173
2021-11-01,0,3.6157083333333335,0.087,0.076,0.097,0.085,0.085,0.131,0.173
2021-11-02,6.096,2.1309375,0.087,0.075,0.096,0.085,0.085,0.13,0.172
2021-11-03,0.254,3.1944791666666665,0.086,0.074,0.096,0.085,0.084,0.129,0.172
2021-11-04,0.254,8.256520833333333,0.083,0.074,0.096,0.085,0.083,0.128,0.17
2021-11-05,0,10.570520833333333,0.084,0.073,0.096,0.085,0.082,0.127,0.17
2021-11-06,0,11.170166666666667,0.085,0.073,0.095,0.085,0.083,0.128,0.17
2021-11-07,0,14.541041666666667,0.087,0.074,0.095,0.085,0.084,0.129,0.171
2021-11-08,0,9.014791666666667,0.085,0.073,0.095,0.085,0.083,0.128,0.17
2021-11-09,0,7.49875,0.086,0.074,0.095,0.085,0.083,0.128,0.17
2021-11-10,0,8.363666666666667,0.085,0.073,0.095,0.085,0.083,0.128,0.17
2021-11-11,0,5.528416666666667,0.082,0.071,0.095,0.085,0.081,0.126,0.168
2021-11-12,0,4.010020833333333,0.081,0.071,0.095,0.084,0.081,0.125,0.167
2021-11-13,0,6.2829999999999995,0.081,0.071,0.094,0.084,0.081,0.125,0.167
2021-11-14,0,7.180854166666667,0.079,0.069,0.094,0.084,0.079,0.124,0.166
2021-11-15,0,12.897708333333334,0.08,0.07,0.094,0.084,0.08,0.124,0.167
2021-11-16,0,11.9085,0.084,0.072,0.094,0.084,0.082,0.126,0.168
2021-11-17,0,5.0909375,0.08,0.07,0.093,0.084,0.08,0.124,0.166
2021-11-18,0,0.23081250000000003,0.077,0.07,0.093,0.084,0.078,0.122,0.164
2021-11-19,0,6.1133750000000004,0.078,0.069,0.093,0.084,0.079,0.123,0.165
2021-11-20,0,4.384,0.077,0.07,0.093,0.083,0.078,0.122,0.164
2021-11-21,0,5.181729166666667,0.076,0.068,0.093,0.083,0.077,0.121,0.163
2021-11-22,0,5.232104166666667,0.075,0.068,0.093,0.083,0.077,0.121,0.162
2021-11-23,0,9.51325,0.076,0.068,0.092,0.083,0.077,0.121,0.162
2021-11-24,0,8.320625,0.079,0.069,0.092,0.083,0.079,0.122,0.164
2021-11-25,0,0.3438125,0.072,0.068,0.092,0.083,0.076,0.12,0.161
2021-11-26,0,7.758625,0.072,0.068,0.092,0.083,0.076,0.119,0.161
2021-11-27,0,7.672875,0.074,0.067,0.092,0.082,0.076,0.12,0.161
2021-11-28,0,4.845354166666667,0.073,0.068,0.092,0.082,0.076,0.119,0.161
2021-11-29,0,10.795770833333334,0.075,0.068,0.092,0.082,0.077,0.12,0.161
2021-11-30,0,6.8038125,0.076,0.068,0.091,0.082,0.077,0.12,0.161
2021-12-01,0,8.349479166666667,0.074,0.068,0.091,0.082,0.076,0.119,0.16
2021-12-02,0,10.990833333333333,0.075,0.068,0.091,0.082,0.077,0.12,0.161
2021-12-03,0,7.39475,0.074,0.068,0.091,0.081,0.076,0.119,0.16
2021-12-04,0,2.784875,0.073,0.068,0.091,0.082,0.076,0.119,0.16
2021-12-05,0,6.228458333333333,0.072,0.067,0.091,0.082,0.075,0.118,0.159
2021-12-06,0,-2.9684166666666667,0.068,0.067,0.09,0.081,0.074,0.117,0.157
2021-12-07,0,-0.31164583333333334,0.064,0.066,0.09,0.081,0.072,0.115,0.156
2021-12-08,0,3.0898333333333334,0.064,0.065,0.09,0.081,0.072,0.115,0.155
2021-12-09,0,8.067208333333333,0.068,0.065,0.09,0.081,0.073,0.116,0.156
2021-12-10,0,0.47693749999999996,0.068,0.065,0.09,0.081,0.073,0.116,0.157
2021-12-11,0,-0.8725833333333333,0.064,0.065,0.089,0.08,0.071,0.114,0.154
2021-12-12,0,3.4281041666666665,0.064,0.064,0.089,0.08,0.071,0.114,0.154
2021-12-13,0,2.542145833333333,0.064,0.064,0.089,0.081,0.071,0.113,0.154
2021-12-14,0,8.145604166666667,0.065,0.064,0.089,0.08,0.071,0.113,0.154
2021-12-15,0,11.164291666666667,0.07,0.064,0.089,0.081,0.073,0.115,0.156
2021-12-16,0,-0.56425,0.067,0.065,0.088,0.079,0.072,0.114,0.153
2021-12-17,0,1.343625,0.064,0.065,0.088,0.079,0.071,0.113,0.152
2021-12-18,0,-5.929729166666666,0.064,0.064,0.088,0.078,0.071,0.112,0.151
2021-12-19,0,-2.0590625,0.064,0.064,0.088,0.078,0.071,0.112,0.151
2021-12-20,0,-2.0351875,0.064,0.064,0.087,0.078,0.07,0.112,0.151
2021-12-21,0,-0.40143749999999995,0.064,0.064,0.087,0.079,0.07,0.112,0.152
2021-12-22,0,3.4052291666666665,0.064,0.064,0.087,0.079,0.07,0.112,0.151
2021-12-23,0,6.089541666666666,0.064,0.064,0.087,0.078,0.07,0.111,0.151
2021-12-24,0,11.481833333333334,0.065,0.064,0.087,0.078,0.071,0.112,0.151
2021-12-25,0,2.8153125,0.065,0.064,0.086,0.077,0.07,0.111,0.15
2021-12-26,0,11.075145833333334,0.066,0.064,0.087,0.079,0.071,0.112,0.152
2021-12-27,0,1.3870625,0.066,0.064,0.087,0.079,0.071,0.112,0.152
2021-12-28,0,1.8689375,0.064,0.064,0.086,0.077,0.07,0.111,0.149
2021-12-29,0,-5.6154375,0.064,0.064,0.086,0.076,0.07,0.11,0.149
2021-12-30,0,-0.6214166666666667,0.064,0.064,0.087,0.079,0.07,0.112,0.151
2021-12-31,0,0.44108333333333327,0.064,0.064,0.087,0.079,0.07,0.112,0.151
2022-01-01,0,-14.126666666666667,0.064,0.064,0.086,0.078,0.07,0.111,0.15
2022-01-02,1.27,-12.8943125,0.064,0.064,0.085,0.076,0.07,0.11,0.148
2022-01-03,0.254,-3.4227499999999997,0.064,0.064,0.085,0.076,0.07,0.11,0.148
2022-01-04,0,2.6694791666666666,0.064,0.064,0.085,0.077,0.07,0.11,0.149
2022-01-05,0,-5.3501666666666665,0.064,0.064,0.084,0.076,0.069,0.109,0.148
2022-01-06,0,-15.020416666666666,0.064,0.064,0.083,0.078,0.069,0.11,0.148
2022-01-07,0,-8.775958333333334,0.064,0.064,0.083,0.076,0.069,0.109,0.147
2022-01-08,0,-2.187666666666667,0.064,0.064,0.083,0.076,0.069,0.109,0.147
2022-01-09,0,-2.7844375,0.064,0.064,0.083,0.075,0.069,0.109,0.146
2022-01-10,0,0.03835416666666667,0.064,0.064,0.083,0.075,0.069,0.109,0.146
2022-01-11,0,1.6433333333333333,0.064,0.064,0.083,0.075,0.069,0.109,0.146
2022-01-12,0,2.1948958333333333,0.064,0.064,0.083,0.075,0.069,0.109,0.146
2022-01-13,0,6.343354166666667,0.064,0.064,0.083,0.074,0.069,0.108,0.146
2022-01-14,0,5.145854166666666,0.064,0.064,0.083,0.076,0.069,0.109,0.147
2022-01-15,0,-5.071270833333333,0.064,0.064,0.081,0.074,0.069,0.108,0.145
2022-01-16,0,1.1232291666666667,0.064,0.064,0.082,0.074,0.069,0.108,0.145
2022-01-17,0,1.7879375,0.064,0.064,0.082,0.074,0.069,0.108,0.145
2022-01-18,0,5.6764166666666664,0.064,0.064,0.082,0.074,0.069,0.108,0.145
2022-01-19,0,-4.791166666666666,0.064,0.064,0.083,0.076,0.069,0.109,0.147
2022-01-20,0,-11.564395833333334,0.064,0.064,0.082,0.075,0.069,0.108,0.145
2022-01-21,0,-6.0645,0.064,0.064,0.082,0.074,0.069,0.108,0.145
2022-01-22,0,0.9646250000000001,0.064,0.064,0.081,0.073,0.069,0.107,0.144
2022-01-23,0,3.971041666666667,0.064,0.064,0.081,0.073,0.069,0.107,0.143
2022-01-24,0,2.7924375,0.064,0.064,0.081,0.073,0.069,0.107,0.143
2022-01-25,0,-6.7646875,0.064,0.064,0.083,0.076,0.069,0.109,0.147
2022-01-26,0.254,-9.155979166666667,0.064,0.064,0.083,0.076,0.069,0.109,0.147
2022-01-27,4.064,-5.592083333333333,0.064,0.064,0.082,0.074,0.069,0.108,0.145
2022-01-28,1.016,-6.014020833333333,0.064,0.064,0.08,0.071,0.068,0.106,0.142
2022-01-29,0.254,-1.8669375,0.064,0.064,0.08,0.072,0.068,0.106,0.142
2022-01-30,0,-1.4913750000000001,0.064,0.064,0.079,0.072,0.068,0.106,0.142
2022-01-31,0,0.051208333333333314,0.064,0.064,0.08,0.072,0.068,0.106,0.142
2022-02-01,0,1.0193958333333333,0.064,0.064,0.082,0.073,0.069,0.107,0.144
2022-02-02,0,-10.172125,0.064,0.064,0.082,0.075,0.069,0.108,0.146
2022-02-03,0,-14.936041666666666,0.064,0.064,0.08,0.073,0.068,0.106,0.143
2022-02-04,0.254,-8.328208333333333,0.064,0.064,0.079,0.072,0.068,0.106,0.142
2022-02-05,0,-2.4356458333333335,0.064,0.064,0.079,0.072,0.068,0.106,0.141
2022-02-06,0,1.1620833333333334,0.064,0.064,0.079,0.072,0.068,0.106,0.142
2022-02-07,0,1.16625,0.064,0.064,0.079,0.072,0.068,0.106,0.141
2022-02-08,0,3.706020833333333,0.072,0.064,0.079,0.072,0.071,0.108,0.144
2022-02-09,0,3.7624791666666666,0.226,0.064,0.078,0.072,0.117,0.154,0.19
2022-02-10,0,5.417958333333333,0.285,0.064,0.079,0.072,0.134,0.172,0.207
2022-02-11,0,4.4426041666666665,0.299,0.064,0.079,0.072,0.139,0.176,0.212
2022-02-12,0,-1.3305416666666665,0.307,0.064,0.078,0.071,0.141,0.178,0.214
2022-02-13,0,2.927,0.305,0.064,0.079,0.071,0.14,0.178,0.214
2022-02-14,0,3.9188958333333335,0.303,0.064,0.078,0.071,0.14,0.177,0.213
2022-02-15,0,5.953458333333334,0.3,0.064,0.08,0.071,0.139,0.177,0.213
2022-02-16,0,1.5745208333333334,0.297,0.064,0.079,0.072,0.138,0.176,0.212
2022-02-17,0,-4.061229166666667,0.294,0.064,0.079,0.072,0.137,0.175,0.211
2022-02-18,0,1.3719374999999998,0.291,0.064,0.079,0.071,0.136,0.174,0.209
2022-02-19,0,3.305375,0.287,0.064,0.079,0.071,0.135,0.172,0.208
2022-02-20,0,8.856895833333333,0.284,0.064,0.079,0.07,0.134,0.171,0.206
2022-02-21,0,3.1285416666666666,0.279,0.064,0.079,0.071,0.133,0.17,0.206
2022-02-22,0,-12.806875,0.279,0.064,0.079,0.074,0.133,0.171,0.208
2022-02-23,0,-14.287916666666666,0.276,0.064,0.079,0.072,0.132,0.169,0.205
2022-02-24,0,-12.738916666666666,0.13,0.064,0.078,0.073,0.088,0.126,0.162
2022-02-25,0,-9.186208333333333,0.096,0.064,0.079,0.071,0.078,0.115,0.151
2022-02-26,0,-4.975270833333333,0.096,0.064,0.079,0.071,0.078,0.115,0.151
2022-02-27,0,-0.3787499999999999,0.097,0.064,0.078,0.071,0.078,0.115,0.151
2022-02-28,0,4.786208333333334,0.105,0.064,0.078,0.07,0.08,0.117,0.153
2022-03-01,0,9.00575,0.132,0.064,0.078,0.07,0.088,0.125,0.16
2022-03-02,0,11.964020833333333,0.21,0.064,0.078,0.07,0.112,0.149,0.184
2022-03-03,0,5.51825,0.299,0.064,0.078,0.071,0.138,0.176,0.211
2022-03-04,0,13.22175,0.293,0.064,0.08,0.072,0.137,0.175,0.211
2022-03-05,0.254,5.835708333333333,0.287,0.064,0.079,0.071,0.135,0.172,0.208
2022-03-06,0,-4.4284791666666665,0.282,0.064,0.078,0.071,0.133,0.171,0.206
2022-03-07,0,-5.8053333333333335,0.279,0.064,0.078,0.071,0.133,0.17,0.205
2022-03-08,0.762,-4.890104166666666,0.278,0.064,0.081,0.072,0.133,0.171,0.206
2022-03-09,0,-4.614875,0.275,0.064,0.08,0.072,0.132,0.17,0.206
2022-03-10,0,-9.544166666666667,0.273,0.064,0.079,0.071,0.131,0.169,0.204
2022-03-11,1.016,-7.798166666666667,0.27,0.064,0.079,0.071,0.13,0.167,0.203
2022-03-12,0,0.5595833333333333,0.268,0.064,0.078,0.071,0.129,0.167,0.202
2022-03-13,0,9.9935,0.269,0.064,0.078,0.07,0.13,0.167,0.202
2022-03-14,0,8.439708333333334,0.278,0.064,0.079,0.071,0.132,0.17,0.205
2022-03-15,0,6.0480625,0.281,0.064,0.079,0.07,0.133,0.17,0.205
2022-03-16,0,10.8168125,0.281,0.064,0.079,0.07,0.133,0.17,0.206
2022-03-17,1.016,5.897395833333333,0.284,0.064,0.082,0.074,0.135,0.174,0.211
2022-03-18,0,4.532541666666667,0.282,0.064,0.08,0.07,0.134,0.171,0.206
2022-03-19,0,7.602916666666667,0.295,0.064,0.08,0.07,0.138,0.175,0.21
2022-03-20,0,13.743020833333333,0.299,0.064,0.082,0.071,0.139,0.178,0.213
2022-03-21,1.778,9.739479166666667,0.299,0.064,0.083,0.073,0.14,0.178,0.215
2022-03-22,1.016,3.7901875,0.323,0.064,0.081,0.071,0.146,0.184,0.22
2022-03-23,0,0.7472608695652174,0.329,0.064,0.083,0.074,0.149,0.188,0.225
